Designator,Val,Package,Mid X,Mid Y,Rotation,Layer
BZ1,SMD9650-DC3V,Buzzer_CUI_CPT-9019S-SMT,44.535,37.525,-90.0,top
C1,47uF,CP_Radial_D6.3mm_P2.50mm,6.0,59.15,0.0,top
C10,22uF,C_1206_3216Metric_Pad1.33x1.80mm_HandSolder,115.52,34.4,-90.0,top
C11,100nF,C_1206_3216Metric_Pad1.33x1.80mm_HandSolder,54.635,10.58,90.0,bottom
C12,10uF,C_1206_3216Metric_Pad1.33x1.80mm_HandSolder,54.59,16.58,270.0,bottom
C13,10uF,C_1206_3216Metric_Pad1.33x1.80mm_HandSolder,68.09,16.58,270.0,bottom
C14,100nF,C_1206_3216Metric_Pad1.33x1.80mm_HandSolder,68.59,29.62,-90.0,top
C15,10uF,C_1206_3216Metric_Pad1.33x1.80mm_HandSolder,47.59,24.03,90.0,bottom
C2,100nF,C_1206_3216Metric_Pad1.33x1.80mm_HandSolder,4.3,47.0,0.0,top
C3,100nF,C_1206_3216Metric_Pad1.33x1.80mm_HandSolder,9.9,47.0,0.0,top
C4,100uF,CP_Radial_D6.3mm_P2.50mm,6.0,52.43,180.0,top
C5,100nF,C_1206_3216Metric_Pad1.33x1.80mm_HandSolder,61.59,38.58,90.0,top
C6,22uF,C_1206_3216Metric_Pad1.33x1.80mm_HandSolder,58.09,38.58,90.0,top
C7,10uF,C_1206_3216Metric_Pad1.33x1.80mm_HandSolder,44.09,62.58,90.0,top
C8,100nF,C_1206_3216Metric_Pad1.33x1.80mm_HandSolder,47.59,62.58,90.0,top
C9,100nF,C_1206_3216Metric_Pad1.33x1.80mm_HandSolder,61.59,65.58,90.0,top
D1,PMEG2010AEH-115,D_SOD-123F,52.0,72.5,0.0,top
D2,PMEG2010AEH-115,D_SOD-123F,9.965,64.94,0.0,top
D3,1N4007W,D_SOD-123,44.535,35.525,90.0,bottom
F1,Schurter UMT250 3403.0160.24,Fuse_Schurter_UMZ250,6.645,2.23,0.0,bottom
FB1,MH3261-601Y,L_1206_3216Metric,51.09,16.58,270.0,bottom
J1,Screw_Terminal_01x02,"PhoenixContact_MSTBA_2,5_2-G_1x02_P5.00mm_Horizontal",7.5,70.25,180.0,top
J2,USB3076-30-A,USB_Micro-B_GCT_USB3076-30-A,58.1,76.35,180.0,top
J3,Screw_Terminal_01x02,"PhoenixContact_MSTBA_2,5_2-G_1x02_P5.00mm_Horizontal",7.525,8.75,0.0,top
J5,PJ320E,Jack_3.5mm_PJ320E_Horizontal,65.84,8.275,180.0,top
LD1,LED,LED_1206_3216Metric,118.0,24.0,-90.0,top
Q1,BC807-40,SOT-23,54.59,29.62,90.0,top
R1,470R,R_1206_3216Metric_Pad1.30x1.75mm_HandSolder,58.09,56.58,90.0,top
R10,10K,R_1206_3216Metric_Pad1.30x1.75mm_HandSolder,90.0,41.0,90.0,top
R11,10K,R_1206_3216Metric_Pad1.30x1.75mm_HandSolder,58.09,47.58,90.0,top
R12,10K,R_1206_3216Metric_Pad1.30x1.75mm_HandSolder,54.59,47.58,90.0,top
R13,10K,R_1206_3216Metric_Pad1.30x1.75mm_HandSolder,61.59,29.62,-90.0,top
R14,10K,R_1206_3216Metric_Pad1.30x1.75mm_HandSolder,65.09,29.62,-90.0,top
R15,10K,R_1206_3216Metric_Pad1.30x1.75mm_HandSolder,61.59,47.58,90.0,top
R16,0,R_1206_3216Metric_Pad1.30x1.75mm_HandSolder,51.09,10.58,270.0,bottom
R17,0,R_1206_3216Metric_Pad1.30x1.75mm_HandSolder,51.135,7.48,270.0,bottom
R18,10K,R_1206_3216Metric_Pad1.30x1.75mm_HandSolder,62.09,16.58,270.0,bottom
R19,10K,R_1206_3216Metric_Pad1.30x1.75mm_HandSolder,65.09,16.58,270.0,bottom
R2,470R,R_1206_3216Metric_Pad1.30x1.75mm_HandSolder,61.59,56.58,-90.0,top
R20,10K,R_1206_3216Metric_Pad1.30x1.75mm_HandSolder,93.0,41.0,-90.0,top
R21,220,R_1206_3216Metric_Pad1.30x1.75mm_HandSolder,44.09,47.58,90.0,top
R22,100K,R_1206_3216Metric_Pad1.30x1.75mm_HandSolder,47.59,47.58,90.0,top
R23,1K,R_1206_3216Metric_Pad1.30x1.75mm_HandSolder,58.09,29.62,90.0,top
R24,1K,R_1206_3216Metric_Pad1.30x1.75mm_HandSolder,112.52,34.4,90.0,top
R28,82K,R_1206_3216Metric_Pad1.30x1.75mm_HandSolder,13.775,5.055,270.0,bottom
R29,82K,R_1206_3216Metric_Pad1.30x1.75mm_HandSolder,13.775,9.755,270.0,bottom
R3,10K,R_1206_3216Metric_Pad1.30x1.75mm_HandSolder,51.09,38.58,-90.0,top
R30,82K,R_1206_3216Metric_Pad1.30x1.75mm_HandSolder,11.835,14.925,180.0,bottom
R31,10K,R_1206_3216Metric_Pad1.30x1.75mm_HandSolder,54.59,24.03,270.0,bottom
R32,10K,R_1206_3216Metric_Pad1.30x1.75mm_HandSolder,51.09,24.03,90.0,bottom
R33,1K,R_1206_3216Metric_Pad1.30x1.75mm_HandSolder,5.0,29.95,180.0,bottom
R4,330,R_1206_3216Metric_Pad1.30x1.75mm_HandSolder,54.59,38.58,90.0,top
R5,100R,R_1206_3216Metric_Pad1.30x1.75mm_HandSolder,118.52,34.4,90.0,top
R6,10K,R_1206_3216Metric_Pad1.30x1.75mm_HandSolder,54.59,3.58,90.0,bottom
R7,33K,R_1206_3216Metric_Pad1.30x1.75mm_HandSolder,44.09,55.58,90.0,top
R8,TFPT1206L1002DV,R_1206_3216Metric_Pad1.30x1.75mm_HandSolder,47.59,55.58,-90.0,top
R9,10K,R_1206_3216Metric_Pad1.30x1.75mm_HandSolder,51.09,47.58,-90.0,top
SW1,3.2x4.2,SW_Push_1P1T_NO_Vertical_Wuerth_434133025816,113.5,24.1,-90.0,top
SW2,434133025816,SW_Push_1P1T_NO_Vertical_Wuerth_434133025816,122.5,24.1,90.0,top
TH1,MF-NSMF050-2,R_1206_3216Metric_Pad1.30x1.75mm_HandSolder,4.965,64.94,0.0,top
TR1,ZMPT107-1,Transformer_Zeming_ZMPT107,5.209,21.859,90.0,top
U1,LD1117S33TR,SOT-223-3_TabPin2,7.2,40.0,90.0,top
U2,ESP-12F,ESP-12E,73.8,44.85,0.0,top
U3,CH340C,SOIC-16_3.9x9.9mm_P1.27mm,54.505,65.48,90.0,top
U4,UMH3NFHATN,SOT-363_SC-70-6,54.09,56.58,270.0,top
U5,ADS1115IDGS,TSSOP-10_3x3mm_P0.5mm,58.69,12.48,0.0,bottom
U6,PCF8574,SOIC-16W_7.5x10.3mm_P1.27mm,77.54,27.705,0.0,top
